                  epoch,         train/box_loss,         train/cls_loss,         train/dfl_loss,   metrics/precision(B),      metrics/recall(B),       metrics/mAP50(B),    metrics/mAP50-95(B),           val/box_loss,           val/cls_loss,           val/dfl_loss,                 lr/pg0,                 lr/pg1,                 lr/pg2
                      0,                 4.6825,                 9.5951,                 3.7785,                0.00281,                0.09705,                0.00674,                0.00145,                 4.1199,                  5.292,                 2.2709,               0.070385,              0.0032906,              0.0032906
                      1,                 3.7449,                 5.1387,                 2.5343,                0.61042,                0.08206,                0.04291,                0.01067,                 3.9165,                 4.2062,                 2.4185,               0.040253,              0.0064928,              0.0064928
                      2,                  3.856,                  4.496,                 2.3769,                0.51557,                0.03435,                0.00459,                 0.0013,                 4.5873,                 4.7532,                 2.5078,              0.0099903,               0.009563,               0.009563
                      3,                 3.9389,                  4.226,                 2.3417,                0.50722,                0.04198,                0.00162,                0.00032,                 4.0251,                 12.602,                 2.3314,               0.009406,               0.009406,               0.009406
                      4,                 3.8144,                 4.1624,                 2.2917,                0.52172,                0.03244,                0.00994,                0.00223,                 3.4389,                 4.2246,                 1.9644,               0.009406,               0.009406,               0.009406
